{
  "project_info": {
    "project_number": "957165159913",
    "project_id": "trabajofinal-84138",
    "storage_bucket": "trabajofinal-84138.appspot.com"
  },
  "client": [
    {
      "client_info": {
        "mobilesdk_app_id": "1:957165159913:android:72108c2ec6cd782030b778",
        "android_client_info": {
          "package_name": "com.example.trabajofinal"
        }
      },
      "oauth_client": [
        {
          "client_id": "957165159913-sibb29d0u4bb3a4k0nvb16ita2he26ea.apps.googleusercontent.com",
          "client_type": 1,
          "android_info": {
            "package_name": "com.example.trabajofinal",
            "certificate_hash": "07cd55d3a48536a998420e748a465650a5ae5619"
          }
        },
        {
          "client_id": "957165159913-oj3g77e7g02m3pbidp278h985ogeg3oh.apps.googleusercontent.com",
          "client_type": 3
        }
      ],
      "api_key": [
        {
          "current_key": "AIzaSyD8t4PjhXz4TE7f8fytEbi7CG6ICiofRiE"
        }
      ],
      "services": {
        "appinvite_service": {
          "other_platform_oauth_client": [
            {
              "client_id": "957165159913-oj3g77e7g02m3pbidp278h985ogeg3oh.apps.googleusercontent.com",
              "client_type": 3
            }
          ]
        }
      }
    }
  ],
  "configuration_version": "1"
}